0,1,2,3,4,5
0.1523295561114466,-0.5814933831102932,1.0362730919597702,-0.30946833124715073,0.40872089147787455,-0.9007493577449893
-1.4859016090047856,0.8244380227193343,-0.5509119803029865,-0.4230513818086454,-0.919636811884856,0.334211746598046
4.4877550267594835,-0.16038686907835425,0.5668775399726061,0.0715417716518772,0.4066752481804335,0.36377485526512776
4.726748112382678,-0.10520762312498805,0.5976632966633949,0.1181784471219931,0.36098402959087766,0.5351548202140225
-0.005846412300928097,-0.23560070323883678,1.0749130321672173,-0.43382745575138654,0.2804096385992302,-0.7878252161695789
3.3687224621969425,-0.8282323977126644,-0.9412824353583571,0.5561345496771112,-0.6262234226945446,-0.12632382413284282
1.4485400883049706,0.6006442093821311,0.6859539849020795,-0.006399713104921205,0.5219242298984161,-0.8614982574150655
1.4632063709596457,0.4402895926331524,0.6736327924043777,-0.11350015794240058,0.546047722505466,-0.8263439391099792
-1.229422786204419,1.8313833806933528,0.7087637339268363,-1.0767533644263734,0.35862317781263536,0.31538125543938456
-1.5618443965880409,0.14166737588617237,-0.3397727458270241,0.055069610035848364,-0.9015428781666099,0.3289596611873177
-1.6974947912101788,0.6876791099325776,-0.49866994149253435,1.751404763910575,-0.41266158332518466,0.14696169319776217
-1.5094797114321927,1.241362143886762,0.8892350197319092,1.5970747563643333,0.9371429766334047,0.10931105286791802
-1.4066305297919837,-0.2995139505836286,1.267221787140822,-0.28643060226509276,0.3624589010818038,0.3691875981387135
2.678463933749193,-0.34475698340493727,-0.6855909013557178,0.49605725612191437,-0.8133370575852813,-0.36053828936230714
-0.14114872647761,-0.110032126487293,-0.5796965929348434,-0.2198423124873386,-0.8872607115790607,-0.7641431590132927
-0.07209853199914773,-1.5820292591407095,-1.6099216635677276,-0.38260603883070265,0.6150230765187911,-0.7593338863900873
7.485175677641687,0.510663863417061,0.19688359065293434,0.7833373363905813,0.2829186250454113,3.017072886216522
-1.5525035841248578,-0.1727592620514126,-0.24723214576353864,-0.1955331172306482,-1.0042647684410893,0.36889541727564445
-1.5452375866894779,-0.08065788753857538,-0.2746351086411564,-0.227849647134596,-1.000029833695692,0.366651742062802
-1.2028371019483148,2.3087954639773987,0.5618178271636001,-1.1308654223975365,0.4146107225470416,0.29400375906536974
-1.5014404999102684,0.5117143645057463,-0.4567752247311067,-0.40888971244964106,-0.9590289627281721,0.35027347631736405
-1.5927092918749177,-0.6749277385765008,-0.13821500447029952,-0.04164211297210835,-0.9840998936853647,0.38616621067888063
-1.5937326282011448,-0.6885971203555532,-0.138138357555147,-0.04024439778279285,-0.9807514753213673,0.3871034364037411
4.487507711724217,-0.8909483963554798,-1.0518604637481168,0.3592619757383992,-0.6844844973456178,0.7494646938014689
0.839234453314915,-0.44861773097449564,1.0140974101639757,0.13345338009751562,0.42966865483034383,-1.083941251482073
3.7699587741431824,-0.17842334985467587,-0.7279493275636756,0.1996657407401657,-1.028384052113195,0.18600279262283592
-0.2168329259709028,-0.7489459369515825,-0.4586559291529787,-0.11213517172630195,-0.86110120978624,-0.7572678333242471
6.456231559969574,-1.1428735074818637,-1.593634509117698,0.7005545632176747,-0.3724560007911392,3.2475165375777655
4.48731725307074,-0.8902639181974428,-1.052057973868101,0.36160496861172736,-0.6838199997374664,0.7492171025028862
-2.283528703992529,2.624375115747324,-1.158727599307319,8.80660971414068,1.6953192662647598,-0.5839395396423718
0.18058571151783714,-1.1004646518899543,0.4734084349134061,-0.4734665594908101,1.1546886398993996,-0.8418897363231983
-1.6991015034608303,-1.3995845314325648,-1.3871500044555072,-0.3022785210643537,0.6237755084388293,0.5602370420636246
0.3855945955407777,-1.8537138181719732,-2.0803956092536344,-0.3951020150823082,1.1793725298533724,-0.754202736244955
0.6156729808916893,2.171501401289884,0.3119852200742806,-1.1508537373903547,0.4231355117904887,-1.0647375301150825
-1.5785572099705545,-0.45184777826666456,-0.16921748663233516,-0.05857717689848394,-1.0013547270827805,0.3725912178193285
-1.6087271068957754,-0.8903902424973354,-0.15386707098945537,-0.03270247959665595,-0.9142030120489565,0.403379003249463
-1.6180875826169008,-0.953604475270843,-0.2852631429330907,-0.0704505562710486,-0.7505529995920135,0.4215964116014307
6.704593474317864,1.0247878870974996,-1.4505361140162412,0.22500748708612198,-0.9785573477975462,2.1518918367602686
1.0465027470146555,-0.7185694769936163,0.9061149422149285,-0.2924203219063338,0.4902489617726541,-0.9684353799141768
0.6504179126807508,-0.5804410374997103,1.0574323210783219,-0.3188371725229208,0.32401229351796135,-0.8897334553913682
0.18108090401687635,-1.1022442951008509,0.4739219612253648,-0.4795583409614634,1.1529609461182062,-0.8412459989468829
-1.4108110898294193,-0.30249870431689657,1.3090586326638234,-0.21485056394312327,0.330351411007229,0.3598787614556197
-1.5032505337324458,0.6459837589555892,1.0013679034506386,1.1988669594046608,0.837763492824799,0.1828820947718495
2.478861635896872,3.957965106674813,-0.41173421119713566,-1.4280757001223483,0.5609128037818779,-0.9293881449267357
2.8993431438899213,-0.8422812896584722,0.7182745433604055,-0.06608937193884452,0.5070629973197474,-0.47746197924204925
-1.5898777545064204,-0.651353781298884,-0.13874058904377537,-0.055583275482886614,-0.9922581735545867,0.3856082608890037
-1.5684358549413695,-0.20463410120060013,-0.23814412120744316,-0.043083757262495824,-0.9702285981871991,0.35709899247520593
-1.5735124528918396,-0.364951683456214,-0.19256060226821514,-0.06819390941798574,-0.9952168974812966,0.3684227267748874
7.485175677641687,0.510663863417061,0.19688359065293434,0.7833373363905813,0.2829186250454113,3.017072886216522
4.726748112382678,-0.10520762312498805,0.5976632966633949,0.1181784471219931,0.36098402959087766,0.5351548202140225
4.4877550267594835,-0.16038686907835425,0.5668775399726061,0.0715417716518772,0.4066752481804335,0.36377485526512776
-1.649499137863874,-1.1125151678718503,-0.8198602838633129,-0.22646278391383068,-0.10757934728524632,0.48825573971012454
0.04636769585074549,-1.3734199720497726,-1.1623270644003134,-0.19876368967157262,0.06848276044854404,-0.7696302690868826
2.006257196161616,0.793775630297023,0.6104466989444169,0.04376089788745231,0.5146238964078683,-0.7781624439992949
-1.6342575559524837,1.3569472004688554,-0.866118909340382,1.2876042862244914,-0.23535938081166463,0.16378244187958577
-1.4193861858967374,-0.6255059736378789,1.337208563832054,-0.3278573169284382,0.3414564336893828,0.39306675849105877
-1.6977985690727604,0.983380189928437,-0.5874935760521067,1.8963512780176233,-0.33638529183666177,0.11763415240362667
-1.5880247101918155,-0.5549332542769839,-0.14490567540220403,-0.012814425445992357,-0.9960359177751786,0.374726452706559
-1.4738461666832143,1.8515554624244654,-0.8905326019420396,-0.07984069002769881,-0.656872390276012,0.24898549963590919
-1.6961324192614666,0.40233824895701603,-0.41388486608432085,1.5996028158757247,-0.4881051539457201,0.17639626274812678
1.8152013145314234,-1.4142953756395271,-1.3302074584806445,-0.00019371995564487022,0.01537479706056961,-0.06793867738747704
-1.603231840301664,-0.2129226523710213,-0.23536140215162216,0.3202182004806781,-0.8816396749622497,0.3251249888198369
0.15604750433951375,-0.7843032333372005,-0.375430494849234,0.20083771417713456,-0.9305443450613952,-1.0355579118206752
-1.5913488400208866,-0.1668119278704737,-0.24904633348931482,0.21708261767902123,-0.9011200865200837,0.33175677737942516
-1.5916271938206368,-0.6203459179357977,-0.13242842220065074,-0.011230441053172882,-0.9959050433350164,0.3787532139520995
-1.5924336452794239,-0.11838985328792141,-0.2630303963254402,0.25213334477685234,-0.8865018995601336,0.32590248885376877
0.015669628233477863,-0.7604789561425336,-0.5348784024702673,0.3231806957843611,-0.6966716763806553,-0.9599835649740717
-1.5073240191140578,0.6232046420760937,-0.5328287431031902,-0.3234373767791903,-0.8712252715328669,0.3396788249634528
0.4258796614936342,0.3351517144482718,0.780520525737053,1.7781527861195163,0.9926616773148468,-0.7874688884702157
1.2232769940735053,-0.7679595697726199,0.8481229749704206,-0.23045425777330478,0.5420317117013568,-0.7902103934444885
1.0535629547988732,-0.2728465494740479,0.9859187299018323,-0.1817469113809285,0.3031146212625689,-1.0597638187802998
0.06895243680528004,-0.6365121051643781,-0.4043405356134007,-0.06101299260909146,-0.9776503352339799,-0.9452385991487541
4.149534672288796,0.3712325988841237,0.6096221045965399,-0.1409189631962173,0.1996187014436005,0.7486811159486424
-1.4305337150326494,-0.6505586089682478,1.175037883502251,-0.3420975893856744,0.5394649601392517,0.40852773374919554
0.4602320382533864,0.02146769210513316,-0.6107113720456536,-0.104193750535337,-0.9304367692952553,-0.8116818098366215
-1.6961684401972905,-1.4101254950663367,-1.384108348607752,-0.3383606113136074,0.6135422452732991,0.5640499480618002
-1.312217539490587,1.761985643628098,0.6205238069725507,-0.3136336176169726,0.6701088196108107,0.2593777280562032
-1.2588254606527103,2.2441677524473667,0.5825441758453201,-0.5702871594362663,0.5431922762286913,0.2474769986399429
-1.4385860205662888,-0.7112446144193809,1.054081760357739,-0.38452557926081304,0.6887731036397566,0.4261776156884306
-1.3841688257356248,-0.006370202123245493,1.2327885926904527,-0.3450018472415501,0.32316383126218856,0.35411330546784486
-1.5877072373515388,-0.6263317853471678,-0.14111706980089014,-0.0628569685793539,-0.996855702311679,0.3844820033325948
-1.5031218906329378,0.5301751265995021,-0.46584957309529557,-0.38479543562065804,-0.9462745016566112,0.3473665283644684
1.0399427868632505,-0.42286524825716404,-0.5590488476776619,-0.026580039543873002,-0.9424582760753412,-0.9114493532324938
-1.4950874299873964,1.5408022763722997,-0.7797158474188925,0.007617004035810313,-0.6986842161125912,0.25709601833737067
-1.3165516139290994,0.8977561732880555,0.9783411053761668,-0.6128194546467977,0.3594074114813189,0.3265806179589799
-1.6262688253697628,1.410897607442427,-0.7539784744246125,1.3198205136419752,-0.37502705351625676,0.14823473131709516
-1.4354669684940617,1.6856480351730738,0.7576047971104688,1.03055720587895,0.8550907230230359,0.13507920527319559
-1.694999493244118,-1.4730147666165339,-1.364900892464163,-0.38061392681191164,0.5941046339751229,0.5712827870346625
0.6382504408359608,-1.241038175243999,-0.919796329576677,-0.10165444465068382,-0.30591538461130263,-0.9163543355805284
-1.790008322826822,-2.1146392361106288,-2.698571036915797,-0.7637569091432586,2.2551522781283464,0.756189483779184
-1.4188773207665903,-0.5269881630387652,1.3491481348270733,-0.2566739967701042,0.3223821321117682,0.3781204092212644
4.149534672288796,0.3712325988841237,0.6096221045965399,-0.1409189631962173,0.1996187014436005,0.7486811159486424
2.2035331391165434,-0.18257353096147938,0.9598736889150583,-0.18225013207262253,0.22309702175464308,-0.06151240089605765
-1.4173212078931237,-0.563637172176489,1.3346749360292682,-0.3086507864460448,0.335272621665833,0.3867118876269044
1.3561481427996716,-0.47914950910264226,1.0589367625467534,-0.2294962633279802,0.24244449671668233,-0.7322348225026246
-1.4195686200041477,-0.5555603299116508,1.3323443166134559,-0.2810034705407725,0.34311369344201853,0.3837903103036269
-1.424211006567045,-0.608195441513163,1.2404365897886855,-0.3333242837911391,0.453062264454877,0.39950258802173166
-1.4108514257125397,-0.41919407886639964,1.2998149635300973,-0.3016417324456137,0.34641499157355243,0.3774340055084862
-1.4299242473415243,-0.6527489390739666,1.1756699158862003,-0.34959516658032447,0.5373385677931676,0.4093200259046606
-1.5796330567891221,-0.4635297874723854,-0.23573439881468444,-0.10227544119654916,-0.929205984523827,0.3824200235253274
-0.031380118075628585,-0.5914442402764433,-0.39441571010258564,-0.021997083913657355,-0.9789841710481624,-0.9263645320951196
-0.5847206875278055,-1.226887925956415,-1.1360608314805933,-0.2667284490607273,0.06944085365500408,-0.4766485044363452
-1.4586663130156052,0.05569840845626231,1.2181963473591177,0.47349687565688264,0.5296676624017389,0.27734472159449847
4.625558455967671,0.8586911768691854,0.5457795449114686,-0.06536933694612738,0.30119683099332994,0.7251367717690691
-1.351286807341744,4.918773030980478,-1.814394937043652,0.09572723698985285,-0.19186682063632246,0.06343848939498313
4.052401595956622,0.23771526776936672,0.6171663135851679,0.5109215525481059,0.3635955974477764,0.19152093508716958
1.033652117195684,-0.04234625490284713,0.8527046992176496,0.19884900340447834,0.5285720043319437,-1.1213644247785326
-1.2833222245221234,2.1244290447912726,0.617149489468975,-0.3702247470206328,0.5781041934289486,0.23637085270904437
0.43042320965395414,-1.1455147578308036,-0.8230893330748709,-0.06892662616843893,-0.4044300403744622,-0.804717427521736
2.862725816561995,1.3646714278152248,0.35005387155552525,0.8364811425142492,0.7358534933845057,-0.7788754450434099
-1.6514799078600308,-1.1053965950282643,-0.8219143891111476,-0.20209565803121782,-0.10066857216047267,0.48568079020486304
2.474757750022028,3.9302502762861393,-0.4693418050550477,-1.444625478497067,0.6326613980359428,-0.9214011400950077
-1.3778539832668926,0.37041798574331897,1.076196055461198,-0.2616622689003555,0.4476599594061261,0.3290606033397527
-1.316755933767026,0.8963763372434201,0.9754730007067498,-0.6136434171395104,0.36297955300682255,0.3269782663299401
-1.4088213226672683,-0.4054841553239072,1.3283121867200944,-0.2934549171925311,0.3109225231835395,0.37348300800856066
-1.490326633101661,-0.8104437260701052,0.6650964239679862,-0.18197402700380577,1.2312599662077364,0.4451995883431412
-1.4166489545209138,-0.5349965574877997,1.3514590032308873,-0.28408701338804365,0.31460751009639787,0.3810172274146836
-1.466772543678329,-0.16444763274503524,1.3093868593442755,0.47118292821368574,0.4687915525213553,0.28786740392299254
-1.4644242562288403,-0.9035327555631553,0.6919578002858242,-0.5006210577764356,1.1408882914991578,0.4788720049504067
2.57085019452363,-0.7587439295887024,0.7712709163809576,-0.06897014246336475,0.5028450221337825,-0.7696224016627511
2.4840492643717047,-0.4893840003492635,0.8925514941353335,-0.12416706701307254,0.30015609491694556,-0.6001293890455162
-2.2789011812711473,2.6556262302407836,-1.093769543057329,8.825271167650463,1.6144158834067874,-0.592945649330063
-1.5974341120224622,-0.05574450548513598,-0.46434926533313886,0.20604189434521394,-0.6689604917376861,0.34030824558376316
-1.3680632456302881,0.009749837670541711,1.273667267535202,-0.47488990487748634,0.23793867733483937,0.36135819690375914
-1.3986387422769295,-0.3773954461620186,1.3742747367199841,-0.3489946715790125,0.2352808623342476,0.37277664035633135
2.6940820234204166,-0.167526921745685,0.8593982986771062,-0.17693519573212618,0.22960107158515405,-0.48112618807240876
1.5856088430042348,-0.6342568018148851,1.0376586496096891,-0.15639733359591607,0.24780755507154753,-0.9054202363050825
-1.4117811535021692,-0.5268955823734612,1.365732041021636,-0.3197580362315343,0.28669090256188384,0.38249009108409454
0.2007420475016787,-1.4382046380189815,-1.4922352315591272,-0.2859827706487685,0.43103867117264516,-0.539465241447136
1.6932571038116806,-0.28844057933872846,0.8627091722398272,-0.25676055186096935,0.36289725018258223,-0.5315442031594272
2.190831839816668,-0.5215661997790634,0.921059275878936,-0.1706362523494606,0.3019325062780943,-0.8271969585975714
0.649122778424214,-0.6657448751782109,-0.4396729382219042,-0.03936551499810882,-0.9990830368460079,-1.068831789334552
-0.06721971727623545,-1.0503841444271935,-0.8788471066224023,-0.1361349948888779,-0.31880329789222567,-0.8316454545816537
1.0900308478558232,-0.45300791784829036,-0.5599453632100492,0.2595308299657575,-0.8661429107920682,-0.8738279723939859
-1.3057936069405773,1.8053684779664365,0.7106986579790169,-0.2877277656417766,0.5577986472272597,0.24687543586768693
4.623763417395636,0.8465687175508061,0.5205819989341469,-0.07260820553244622,0.332579646720439,0.7286302855229145
-1.5429920504606986,0.1853690902593597,-0.5471178515000598,-0.2600027578060403,-0.7391230997918093,0.3692964604836608
-1.4724777267031188,1.8607969674521536,-0.8713233605068655,-0.07432216951315165,-0.680796945657722,0.24632223436336578
2.2493753240885472,1.2715026863837224,0.44479526770087835,-0.664604683532519,0.4084458013505648,-0.8277500059385386
-1.4526703238565468,-0.8502842121956012,0.8699881878335662,-0.46208256671060116,0.9233659171409832,0.45784452736968634
2.864693014987922,1.377956536704251,0.3776680819441243,0.8444142817293913,0.7014607919343326,-0.7827040172337723
-1.4299074101410165,-0.6549420062859796,1.1500750156462727,-0.36936266336948376,0.5638472763855832,0.41318566381360705
2.575490429559379,-0.7274069648432474,0.8364074195627947,-0.05025742388632428,0.4217193887763257,-0.7786532521252504
-1.4307073364856182,-0.6520671980222237,1.1492454731423396,-0.3595220933015054,0.5666381663398187,0.4121457803595592
1.6932571038116806,-0.28844057933872846,0.8627091722398272,-0.25676055186096935,0.36289725018258223,-0.5315442031594272
1.2777834537064907,0.24756162309068522,-0.7456637650135463,0.455118106134784,-0.7795505765453511,-0.9333113371684754
-1.3099625309670069,1.7772144245109043,0.6521781022269203,-0.3045398239695614,0.630684309151202,0.2549890183009376
2.0087160875101753,0.8103812959387576,0.6449629643739284,0.05367689168143577,0.4716348847581914,-0.7829479516085638
-1.3754410609324998,0.3867132081930121,1.1100670387413232,-0.25193165477329316,0.4054746280356482,0.3243645608738759
-1.2830816196974573,2.1260539247488737,0.6205269384142732,-0.3692544577276191,0.5738976783193654,0.23590258630111996
-1.435229940285267,1.6872487611202407,0.7609320399241174,1.0315130717201892,0.8509467382003051,0.13461789969437746
2.862725816561995,1.3646714278152248,0.35005387155552525,0.8364811425142492,0.7358534933845057,-0.7788754450434099
2.426405513460189,-0.486559527106172,-0.7504576420886875,0.03784228778503427,-0.9158302313527436,-0.5336532676920765
-1.3514199708612917,4.9178737359048394,-1.8162641971022282,0.09519022723779723,-0.18953871122371793,0.06369765295519751
3.332727055699944,-0.5288788452717185,0.8651255853264488,0.016644806578204215,0.21007829693175648,-0.31830241405635956
-1.4575213815569967,-0.388107544773031,1.3090733314822987,0.21871925722817934,0.4572086968056696,0.32788413473880723
1.8687088555609273,-0.3716487879354385,0.9909847668453686,-0.22906213996692096,0.24077049510895665,-0.8205220515788514
-1.4184773575942893,-0.5284255671706432,1.34956290607904,-0.2615942818040934,0.32098668713465045,0.37864035094828835
-1.4173973913545144,-0.5633633809132741,1.3345959319812746,-0.3077135892967135,0.3355384207090935,0.38661285110747123
-1.417702125200077,-0.5622682158604146,1.3342799157893,-0.30396480069938847,0.33660161688213563,0.3862167050297387
-1.2582725538193176,1.4977647293242535,0.7715397374717006,-0.9587660981781194,0.38757982943455893,0.3261781823860606
1.0796184649029656,0.17754700875884352,0.9018489768006109,-0.21679125861235357,0.3419369854647381,-0.651329969278498
-1.6223456810243635,-0.9823607513321491,-0.34503546875914964,-0.08762222894674879,-0.6761082941961698,0.4298835456961796
0.07782542224094179,-1.2021219646174406,0.16389402742230166,-0.5686666399865608,1.5386034858390936,-0.7633387174823871
-1.68267142767212,-0.8831368502807453,-0.6929182569697426,0.37171941589103397,-0.1645173043486162,0.4073970315633013
0.20603060540402607,-0.7227177767163809,-0.47814382432431285,0.31359271318836335,-0.7929443946310376,-0.8951983203180028
-1.5339042491058454,0.2467418673874021,-0.4195493991897983,-0.22335429756053896,-0.898005922549575,0.35160973245451965
1.5666906150412778,-0.6763631929793855,-0.5126909047747656,0.12432278347245167,-1.0065917138443212,-0.17924428293868028
2.6226513386971297,-0.17504427102151968,0.8375444012870102,-0.22946707861481253,0.21911017208344896,-0.5574038743330091
3.559510984925082,-0.38131627127556805,0.8111580361032502,0.09658883960482204,0.2284561178559859,-0.22339857337336014
-1.4209229920109563,-0.41425921636849766,1.1583621383701552,-0.2918679290328685,0.5185660340393039,0.38684740308519505
0.5095986767341522,0.17890348660763264,0.9228356152381321,-0.14233200171547594,0.38395588496451283,-0.984427961965127
-1.4391954882574138,-0.709054284313662,1.0534497279737898,-0.3770280020661629,0.6908994959858408,0.42538532353296554
-1.4044877898869847,0.08132499408190833,1.207218539538227,-0.08807281773651805,0.39789515758384314,0.3262708706786443
-0.7632713083855139,-0.45479302232272456,-0.42208075217413316,-0.12701252922899595,-0.9026338573142633,-0.5475035308846207
-1.6012326091508855,-0.8397775451216283,-0.04866434473843053,-0.0024793494974369975,-1.0452299689953546,0.3887931713025437
-1.4981825405345643,1.5199000226388868,-0.8231629306917384,-0.00486467678160132,-0.6445721287903075,0.26311973918362935
-1.6291219435073974,1.3916296044630805,-0.7940286307676543,1.308314717843855,-0.32514574057067014,0.153787485230274
-1.4234110802224431,-0.6110702497769189,1.2412661322926188,-0.3431648538591173,0.4502713745006414,0.40054247147577954
0.4341914325079602,-0.23224582797859736,1.0542929393222478,-0.37428607018443544,0.26327696836122,-1.0022610996322503
-1.1621717720964977,5.18213182239137,-0.32649013473541544,-0.20033853190222783,1.0677418054132721,0.05356586470935213
-1.5869519251111048,-0.6128958901926944,-0.14297524239432216,-0.06284670117678061,-0.9976504783329149,0.3835717971635379
-1.5750409008185917,-0.34821703799878967,-0.2029544711466123,-0.04783833890265129,-0.9814049179631932,0.36608368886800124
-1.6274100725958658,1.4031904064462026,-0.7699985365554367,1.3152181954394775,-0.3550745288441721,0.1504558328260224
1.036440636163338,-0.02351451040969234,0.8918480557954697,0.21009428953469447,0.4798200843025938,-1.1267914554385565
4.691531732177481,-0.5269045447580298,0.6453266604594137,0.12331980884439284,0.31446904153722194,0.7105761216640538
-1.500281507862269,0.6660345232606908,1.0430450947027665,1.2108401773836086,0.7858557548940421,0.17710376060422875
-1.5057385183865655,0.4826884956802657,-0.5171079216742822,-0.42622237115469597,-0.8838863312913131,0.3586383030654636
-2.1454598025442935,-4.099434916197215,-7.18882748878291,-1.5571695217714328,7.93103279086318,1.3207359046650926
4.999555666520887,0.05551606684629261,-0.9214077632038958,0.3161427401692959,-1.0369473510683007,1.1155619356579611
-1.5931889498033707,-0.25343057590207885,-0.2534272050482087,0.1735079816890672,-0.887023779510598,0.3427404148238504
-1.5790809941872996,-0.41376795810256145,-0.21601368570824803,-0.05976575483862032,-0.9537499993007011,0.3732530514200995
-1.410444178662049,-0.5651177899988533,1.4627304561946277,-0.2917968019744614,0.18512254223510952,0.3756637757652004
-1.410444178662049,-0.5651177899988533,1.4627304561946277,-0.2917968019744614,0.18512254223510952,0.3756637757652004
0.8314282424185427,-0.8809695610893038,-0.5753723967281972,-0.013431660913964189,-0.8082696206914389,-0.8200939503790519
-0.11172106275842288,-1.4683944717410258,-1.3300671767848542,-0.2743407824926641,0.2865379334258828,-0.7526264029574468
-1.6991015034608303,-1.3995845314325648,-1.3871500044555072,-0.3022785210643537,0.6237755084388293,0.5602370420636246
1.2879060534410656,0.1880758864661182,0.8265713011092625,-0.5261737451168116,0.3033718495249153,-1.072295039726561
7.489338818882342,0.538778863903828,0.25532297154189715,0.8001260744249032,0.21013406406890572,3.0089705582721438
-1.6415147627954987,-1.0609590213789262,-0.7107522133939685,-0.1979973897069488,-0.2439725030065716,0.47345842142224887
-1.6281414280894404,-1.0215012517707411,-0.42639227379965133,-0.11099479152966876,-0.5747807433691827,0.4411632599046075
1.1231336835951786,-0.09856341327698244,0.8299731553576684,1.394456246623771,0.8487337466827299,-0.919020356909667
-0.045899165117537846,-0.9736940989049779,-0.5494480879653104,-0.07542071576063163,-0.7189554378858791,-0.867901142719726
-0.5348845996103397,-0.9681340168907999,-0.3671856855979975,-0.04755483135030712,-0.8730789212520523,-0.6836661427272775
-0.3018261103602898,-1.386407467643029,-1.3314721158251217,-0.312209024110384,0.2866447576782342,-0.6412295856904325
0.2055657993997294,-1.1289766219825064,-0.6746522310768087,-0.057912003526990455,-0.5645038701441413,-0.9041524545051877
-1.5662298449292353,0.35244304849596425,1.0855292946188115,1.7197049647493468,0.9316971901709755,0.15299552984068257
0.45265463279107226,-1.2324949304172883,-1.090697613111096,-0.0276254971024074,-0.05421129108443686,-0.8132753236828361
2.250938291301117,4.06755398570431,-2.014057709598264,-1.4828477339531938,-0.7217223063425431,-0.8425451227933899
-1.460880971304277,0.040742125384246854,1.1871084616043213,0.46456580277351506,0.5683867261893906,0.28165490150487954
-1.36915170728389,0.06057013800122764,1.2397430784495809,-0.4522227819049282,0.27302712591079403,0.3579255999351322
4.161822111807128,-0.2912337636895627,-0.814081957357887,0.28270014751063893,-1.0226872393623092,0.488793125536694
-1.5709093470519495,-0.3341331484388464,-0.23111831459257032,-0.10157187327341073,-0.9638994311954884,0.3719019766657596
-1.6143595367670553,-0.8589885485050223,-0.3291508187986148,-0.07534644911403611,-0.7201788712094417,0.41795359322145237
-1.694999493244118,-1.4730147666165339,-1.364900892464163,-0.38061392681191164,0.5941046339751229,0.5712827870346625
4.624596828011299,0.8521970012218556,0.5322808574619424,-0.06924730286482665,0.31800905632541554,0.7270082972861263
-1.1619200930829123,5.18383148982527,-0.32295723376317675,-0.19932358362553726,1.0633416792940984,0.05307604565520311
-1.604494788085485,-0.7698903975479262,-0.32296484576688617,-0.11343583858542067,-0.7572636373068145,0.41392565806047743
4.691341273524004,-0.5262200665999927,0.6451291503394296,0.125662801717721,0.31513353914537323,0.710328530365471
-1.4149224355492283,-0.37373557374142785,1.2425939201766751,-0.26766942970925733,0.4136577826889852,0.3751690877239759
-1.569973975769417,-0.3843526797082729,-0.22022231377634915,-0.1384696470388689,-0.9748389278863715,0.37829439958480465
1.7541093474158864,-1.0996473762414232,-0.812753245113533,0.038762062583021235,-0.5808337005513392,-0.8111863544065857
2.522850484368031,-0.48111019431848745,-0.672699889676025,0.21192504427489386,-0.9598084488092485,-0.550313937465298
-1.3482115441551785,0.6016607801469305,1.0955917481136823,-0.4007752866318017,0.3373953463940263,0.3219460606486274
1.390661819300685,-0.643759039252242,-0.7184515111315041,0.6067662887969784,-0.6272339354758224,-0.8510901272459546
0.7287848509941587,-1.0601042604795226,0.424870213398114,-0.4247197052425762,1.1558660361960793,-0.7892567515484789
1.168563229871539,8.978674197605278,-3.36705968146824,-3.1560651929027954,-0.37085022610257384,-0.8706646948721132
-1.6216841785213376,-0.9169281876840759,-0.4426161090928233,-0.11826214552631978,-0.5806606985685018,0.43486738124060326
-1.2582725538193176,1.4977647293242535,0.7715397374717006,-0.9587660981781194,0.38757982943455893,0.3261781823860606
2.533264282917339,-1.0125733968157016,0.24366513088211006,-0.2205431944599802,1.1599627889897035,-0.6964724977035502
0.20188076037099875,-1.5842541841728812,-0.5500469255078162,-0.7279049042531247,2.4193301295963248,-0.5838658318113519
-0.13088377958340172,-1.6628997846133446,-2.092550576451526,0.14528495208962575,1.3448485410876292,-0.7561190596416207
-1.790008322826822,-2.1146392361106288,-2.698571036915797,-0.7637569091432586,2.2551522781283464,0.756189483779184
-1.352724973237057,4.909060644945646,-1.834582944050704,0.08992753213465542,-0.16672324100479355,0.06623745561992182
-1.578060404281643,-0.4804181187734031,-0.2023551949365729,-0.10697283130492605,-0.9668624407422809,0.3816401918198947
1.8152013145314234,-1.4142953756395271,-1.3302074584806445,-0.00019371995564487022,0.01537479706056961,-0.06793867738747704
-1.614894009535075,-0.9320372731127164,-0.24043390872335807,-0.057571804683031615,-0.8063865159851443,0.41538106243897605
-1.6253931782670112,-0.930429993020889,-0.5260396872529037,-0.14737958624908679,-0.48406530574071754,0.4448129134238542
-1.574161929783249,-0.4344872232427841,-0.23766615109494077,-0.14127369450514518,-0.9431162962589553,0.3837764377846215
1.06252518999795,-1.0770115069466428,-0.797693101310968,-0.04876350118796038,-0.533597489889469,-0.9157049899430455
-1.698735070472164,0.33960972322180133,-0.5759476832607727,1.469246380940662,-0.310486583726898,0.20515107763203141
-1.5785696047630957,-0.43126193275959224,-0.21222093735323833,-0.07457854910346023,-0.9580431100477083,0.3756548789035855
1.8787390819909884,-0.6261183076079431,-0.5934308051947396,0.10657406552755314,-0.9551021785509055,-0.9237513950634015
-1.587203466700175,-0.3534162341479571,-0.23115194963402375,0.05696016296512884,-0.9201886585337671,0.3592674765466385
2.7765137068893306,-0.46102906466089066,-0.6220758370782735,0.2658866887428471,-0.923416314318277,-0.27440942040878913
-1.6135633536018001,-0.923050935621595,-0.22175505436276172,-0.05220565624218574,-0.8296504895847834,0.4127913326822153
-1.545671819632714,-0.08359039900161043,-0.2807305790798006,-0.22960078232517564,-0.9924381013215086,0.3674968485597889
-1.435581093216672,1.6848773150734515,0.7560027908973864,1.0300969740587003,0.8570859754902443,0.13530131542408833
0.6148649588282763,-2.240687391248878,-2.989817987282733,-0.6946970420173688,2.2721642707006686,-0.5674071312168998
3.959913406586293,0.10445507418280145,-0.8853888209006755,0.15310532546721295,-1.0511394534222291,0.7595389690815022
-1.5475868287137922,-0.08948659008751585,-0.275838491618856,-0.21002152339023739,-0.9921576438624514,0.365841611908014
-1.2293314315644868,1.8320003272723164,0.7100461090110254,-1.0763849577283096,0.35702601668446976,0.3152034605462535
-0.020465293905642237,-0.436608081094416,1.1310559566766711,-0.3789533266074315,0.2717096342594048,-0.7812555010716528
-0.21054380760713692,-0.6041920667327061,-0.6317264760065529,-0.20060081383035275,-0.7067712290694613,-0.7476261182602331
-1.3492012194259368,0.5949771921755727,1.0816993513005682,-0.40476635921361737,0.3546979253668452,0.3238721720002715
-1.4272952611898613,-0.5302444650349845,1.0689874443121303,-0.3679549392645923,0.6339039997048593,0.40943708683552327
-1.4091155436892755,0.4625551713763547,1.1101145290349717,0.15578027385679621,0.4893323470148589,0.28206356139386085
-1.593516749137263,-0.6393196448687692,-0.28142372304270996,-0.10962759525245483,-0.8360507395300196,0.4002533995158503
-1.6133419523845933,-0.8651583546250687,-0.23952068663046677,-0.027056188719176973,-0.8150637108261117,0.40736591018900775
1.549921544382947,-0.7955829128020889,-0.5093483062021343,0.19731234414942234,-1.0266769974860073,-0.14917884902830214
-1.4149772834539107,-0.5041620372012641,1.3077497008527565,-0.31126579966557527,0.3536803472664329,0.38433079922175645
1.2649088946912206,-0.212708585870253,-0.6299406169859476,-0.04953923624419838,-0.9549131590393916,-0.8898812498442003
-1.4161583295862816,0.21819862071425494,1.1997242625948525,0.12439120743931106,0.42863762515747816,0.2971904517968
-1.6045148935450397,-0.8619438426371102,-0.09473884877463097,-0.015715848011937348,-0.9878455050008288,0.39518117089968463
0.4182938993374953,-0.8278840226249167,-0.48916612229841683,-0.004716288146970387,-0.8843460874681687,-0.6512385215445016
-1.5773589641383072,-0.3909283821352511,-0.24655534393847034,-0.08370577075777631,-0.9279680062759559,0.3759088277162306
1.033652117195684,-0.04234625490284713,0.8527046992176496,0.19884900340447834,0.5285720043319437,-1.1213644247785326
-1.5583436074716326,-0.2614787702857506,-0.23059560692883319,-0.1835235592851161,-1.0012964423194006,0.37349878649812013
0.07445559838117202,-0.565102962542165,-0.4216634450556216,-0.0819229235090056,-0.9780776454311239,-0.9476440587079502
-0.6619069373744402,9.91881335583272,-1.8027819311160411,-3.244976921937424,1.0236476684490958,0.06657865821815039
-1.3576149952451326,0.17262196209176145,1.192319769872882,-0.5299340078917768,0.2856713173371693,0.35968371955481626
-1.5896958219383521,-0.5781011006451372,-0.16035971824213746,-0.0221177489853334,-0.9744325854903725,0.3785318661391415
0.19697689141342506,-0.9345309115256987,-0.63296052520419,-0.015075543898349019,-0.6405417951884169,-0.9486993995475541
-1.587424002453124,-0.44478210608278823,-0.18663884119394297,0.02754370115993331,-0.9605609865330265,0.36567038562076754
1.140218869917185,-0.3245669073111596,-0.5864975228540286,0.5503884872792798,-0.8312994114719543,-0.9865225310625364
-0.6593924848408514,-1.4172212885610351,-1.2898431685756635,-0.2538566648853299,0.29759416781136994,-0.5463246134935301
0.022581806916921965,-0.8365074743251713,-0.4704105909220389,0.07602139517481474,-0.8180967895885978,-0.9490032026756356
